"OriginalLocation","FixedLocation","Latitude","Longitude","PlaceId"
"Annapolis, Maryland","Annapolis, Anne Arundel County, Maryland, United States","38.9786401","-76.492786","3809116"
"Annapolis, Maryland","Annapolis, Anne Arundel County, Maryland, United States","38.9786401","-76.492786","3809116"
"Severna Park, MD","Severna Park, Anne Arundel County, Maryland, 21146, United States","39.070388","-76.5452409","5151962"
"Norfolk, VA","Norfolk, Virginia, United States","36.8448348","-76.2863999","3098168"
"SEVERN, MD","Severn, Anne Arundel County, Maryland, 21144, United States","39.1278864","-76.6869128","5068138"
"North Texas","North, Liberty County, Texas, 77372, United States","30.2522489","-95.1032605","293730139"
"St Helens, OR","Saint Helens, Columbia County, Oregon, 97051, United States","45.8640034","-122.8064922","313903887"
"Jacksonville","Jacksonville, Duval County, Florida, United States","30.3321838","-81.655651","291577704"
"Annapolis","Annapolis, Anne Arundel County, Maryland, United States","38.9786401","-76.492786","3809116"
"Greenwood","Greenwood County, Kansas, United States","37.8709542","-96.2471338","316695277"
"Annapolis, MD","Annapolis, Anne Arundel County, Maryland, United States","38.9786401","-76.492786","3809116"
"Fredericksburg VA","Fredericksburg, Virginia, United States","38.3031837","-77.4605399","3670430"
"Saint Helens Oregon","Saint Helens, Columbia County, Oregon, 97051, United States","45.8640034","-122.8064922","313903887"
"St. Helens, Oregon","Saint Helens, Columbia County, Oregon, 97051, United States","45.8640034","-122.8064922","313903887"
"St.Helens,OR","Saint Helens, Columbia County, Oregon, 97051, United States","45.8640034","-122.8064922","313903887"
"Greenwood","Greenwood County, Kansas, United States","37.8709542","-96.2471338","316695277"
"Bowie, MD","Bowie, Prince George's County, Maryland, United States","38.9424464","-76.7301718","3859668"
"St. Helens","St Helens, Liverpool City Region, England, United Kingdom","53.4535471","-2.7343231","271184724"
"St. Helens Oregon","Saint Helens, Columbia County, Oregon, 97051, United States","45.8640034","-122.8064922","313903887"
"Rio Rancho New Mexico","Rio Rancho, Sandoval County, New Mexico, United States","35.2702448","-106.6329806","318054193"
"Chicago, IL","Chicago, Cook County, Illinois, United States","41.8755616","-87.6244212","26279198"
"Pasadena, MD","Pasadena, Anne Arundel County, Maryland, United States","39.155815950000004","-76.55288309143504","5140534"
"Waterloo, Illinois","Waterloo, Monroe County, Illinois, United States","38.3358857","-90.1498341","322710800"
"Chambersburg, PA","Chambersburg, Franklin County, Pennsylvania, United States","39.9375112","-77.6612586","5906372"
"Fond du Lac, WI","Fond du Lac County, Wisconsin, United States","43.7533414","-88.4493796","27318817"
"Bowie, Maryland","Bowie, Prince George's County, Maryland, United States","38.9424464","-76.7301718","3859668"
"Lumberton, NC","Lumberton, Robeson County, North Carolina, United States","34.6183305","-79.008205","838446"
"Annapolis Maryland","Annapolis, Anne Arundel County, Maryland, United States","38.9786401","-76.492786","3809116"
"Annapolis","Annapolis, Anne Arundel County, Maryland, United States","38.9786401","-76.492786","3809116"
"Alabaster AL","Alabaster, Shelby County, Alabama, 35007, United States","33.2442813","-86.8163773","369781521"
"Texas","Texas, United States","31.2638905","-98.5456116","305234088"
"El Paso","El Paso, El Paso County, Texas, United States","31.7550511","-106.488234","305353992"
"Cartersville, GA","Cartersville, Bartow County, Georgia, 30120, United States","34.1652304","-84.7997613","327814935"
"Austell, Georgia","Austell, Cobb County, Georgia, United States","33.8126059","-84.6343783","328137253"
"Albuquerque, New Mexico","Albuquerque, Bernalillo County, New Mexico, United States","35.0841034","-106.650985","318074776"
"Annapolis MD","Annapolis, Anne Arundel County, Maryland, United States","38.9786401","-76.492786","3809116"
"Waterloo, IL","Waterloo, Monroe County, Illinois, United States","38.3358857","-90.1498341","322710800"
"Eugene, Oregon","Eugene, Lane County, Oregon, United States","44.0505054","-123.0950506","314491274"
"St. LOUIS, MO","Saint Louis, Missouri, United States","38.6280278","-90.1910154","322983104"
"PAGO PAGO, AS","Pago Pago, Maʻopūtasi County, Eastern District, American Samoa, United States","-14.2754786","-170.7048298","32800013"
"American Samoa","American Samoa, United States","-14.297124","-170.7131481","32805879"
"Pago Pago, American Samoa","Pago Pago, Maʻopūtasi County, Eastern District, American Samoa, United States","-14.2754786","-170.7048298","32800013"
"Annapolis MD","Annapolis, Anne Arundel County, Maryland, United States","38.9786401","-76.492786","3809116"
"Essex, Md.","Essex, Baltimore County, Maryland, 21221, United States","39.3075071","-76.4790355","5190383"
"Deltaville, VA","Deltaville, Middlesex County, Virginia, 23043, United States","37.5548568","-76.3368883","383621063"
"Fort Scott, KS","Fort Scott, Bourbon County, Kansas, 66701, United States","37.8399791","-94.7082882","322190760"
"Winter Garden, FL","Winter Garden, Orange County, Florida, 34787, United States","28.5656649","-81.5856742","292223086"
"Modesto, CA","Modesto, Stanislaus County, California, United States","37.6390972","-120.996878","310572628"
"Terre Haute","Terre Haute, Vigo County, Indiana, United States","39.4667025","-87.4139119","324065568"
"Ft. Scott, Kansas","Fort Scott, Bourbon County, Kansas, 66701, United States","37.8399791","-94.7082882","322190760"
"Modesto, CA","Modesto, Stanislaus County, California, United States","37.6390972","-120.996878","310572628"
"Modesto California","Modesto, Stanislaus County, California, United States","37.6390972","-120.996878","310572628"
"Modesto California","Modesto, Stanislaus County, California, United States","37.6390972","-120.996878","310572628"
"Cartersville, Ga","Cartersville, Bartow County, Georgia, 30120, United States","34.1652304","-84.7997613","327814935"
"Clinton, OK","Clinton, Custer County, Oklahoma, 73601, United States","35.5156056","-98.9673069","319318287"
"Modesto California","Modesto, Stanislaus County, California, United States","37.6390972","-120.996878","310572628"
"Modesto, CA","Modesto, Stanislaus County, California, United States","37.6390972","-120.996878","310572628"
"Baltimore","Baltimore, Maryland, United States","39.2908816","-76.610759","5444564"
"Deale, Maryland","Deale, Anne Arundel County, Maryland, United States","38.7918764","-76.54928589820895","3848060"
"Riverbank, Ca","Riverbank, Stanislaus County, California, 95367, United States","37.7360396","-120.9354895","310624022"
"Colorado Springs","Colorado Springs, El Paso County, Colorado, United States","38.8339578","-104.825348","317424212"
"Tracy ca","Tracy, San Joaquin County, California, United States","37.72067005","-121.42778512032798","310788417"
"Maryland","Maryland, United States","39.5162401","-76.9382069","4511521"
"Lexington South Carolina","Lexington County, South Carolina, United States","33.8986841","-81.275054","552115"
"San Diego, CA","San Diego, San Diego County, California, United States","32.7174202","-117.162772","307554338"
"Austin Tx","Austin, Travis County, Texas, United States","30.2711286","-97.7436995","305086781"
"Fort Wayne, IN","Fort Wayne, Allen County, Indiana, United States","41.0799898","-85.1386015","25599742"
"Clinton","Clinton County, Illinois, United States","38.5896187","-89.420064","323498096"
"Clinton  Oklahoma","Clinton, Custer County, Oklahoma, 73601, United States","35.5156056","-98.9673069","319318287"
"San Diego","San Diego, San Diego County, California, United States","32.7174202","-117.162772","307554338"
"Oakdale","Oakdale, Washington County, Minnesota, 55128, United States","44.985624","-92.9645794","28822239"
"Auburn, Maine","Auburn, Androscoggin County, Maine, 04210, United States","44.0972546","-70.2254085","19431491"
"Turlock","Turlock, Stanislaus County, California, United States","37.4946568","-120.8465941","310606106"
"Myrtle Beach, South Carolina","Myrtle Beach, Horry County, South Carolina, 29577, United States","33.6956461","-78.8900409","739097"
"Harpers Ferry, WV","Harpers Ferry, Jefferson County, West Virginia, United States","39.323418","-77.7319766","4887682"
"Whittier, CA","Whittier, California, United States","33.9749136","-118.0338664","305890653"
"Fallbrook, CA","Fallbrook, San Diego County, California, 92028, United States","33.3764196","-117.2511466","306271638"
"Waterloo, Il","Waterloo, Monroe County, Illinois, United States","38.3358857","-90.1498341","322710800"
"kansas","Kansas, United States","38.27312","-98.5821872","316653729"
"Bracey, VA","Bracey, Mecklenburg County, Virginia, 23919, United States","36.599589","-78.1430505","3272157"
"Port St Joe, Florida","Port Saint Joe, Gulf County, Florida, United States","29.8118757","-85.302974","292874876"
"Waterloo, IL","Waterloo, Monroe County, Illinois, United States","38.3358857","-90.1498341","322710800"
"independence","Independence, Jackson County, Missouri, United States","39.0924792","-94.4137923","322559034"
"Panama new york","Village of Panama, Town of Harmony, Chautauqua County, New York, United States","42.075056","-79.483105","6554906"
"Jamestown, NY","Jamestown, Chautauqua County, New York, United States","42.0965167","-79.2380322","6547433"
"Spokane Washington","Spokane, Spokane County, Washington, United States","47.6571934","-117.42351","314710131"
"Warren","Warren County, Pennsylvania, United States","41.8119602","-79.2654452","6468198"
"Maryland","Maryland, United States","39.5162401","-76.9382069","4511521"
"Mombasa, Kenya","Mombasa, Mvita, Mombasa, Coast, 80100, Kenya","-4.05052","39.667169","63390755"
"St. Johns, Michigan","St. Johns, Clinton County, Michigan, 48879, United States","43.000928","-84.5585098","27003589"
"Panama, NY","Village of Panama, Town of Harmony, Chautauqua County, New York, United States","42.075056","-79.483105","6554906"
"Charlotte, NC","Charlotte, Mecklenburg County, North Carolina, United States","35.2272086","-80.8430827","326601056"
"Marietta NY","Marietta, Town of Marcellus, Marcellus, Onondaga County, New York, 13108, United States","42.9090587","-76.3232396","9049095"
"Cortland NY","Cortland County, New York, United States","42.5842136","-76.0704906","9045548"
"Homer, ny","Town of Homer, Cortland County, New York, 13077, United States","42.6370141","-76.1788174","8993769"
"Morehead City, North Carolina","Morehead City, Carteret County, North Carolina, 28557, United States","34.7229391","-76.7260436","1341594"
"Courtland NY","Courtland Drive, West Bay Shore, Town of Islip, Suffolk County, New York, 11706, United States","40.72107","-73.2780173","16283994"
"Cortland, New York","Cortland County, New York, United States","42.5842136","-76.0704906","9045548"
"Cortland NY","Cortland County, New York, United States","42.5842136","-76.0704906","9045548"
"Cortland, NY","Cortland County, New York, United States","42.5842136","-76.0704906","9045548"
"NY","New York, United States","43.1561681","-75.8449946","9827405"
"Little York, NY","Little York, Town of Carlisle, Schoharie County, New York, United States","42.7570191","-74.4968038","9680060"
"Cortland, NY","Cortland County, New York, United States","42.5842136","-76.0704906","9045548"
"Cortland, NY","Cortland County, New York, United States","42.5842136","-76.0704906","9045548"
"Little York, NY","Little York, Town of Carlisle, Schoharie County, New York, United States","42.7570191","-74.4968038","9680060"
"Severna Park, Maryland","Severna Park, Anne Arundel County, Maryland, 21146, United States","39.070388","-76.5452409","5151962"
"Fort Scott, Kansas","Fort Scott, Bourbon County, Kansas, 66701, United States","37.8399791","-94.7082882","322190760"
"Cortland, NY","Cortland County, New York, United States","42.5842136","-76.0704906","9045548"
"Cortland NY","Cortland County, New York, United States","42.5842136","-76.0704906","9045548"
"Severna Park, Maryland","Severna Park, Anne Arundel County, Maryland, 21146, United States","39.070388","-76.5452409","5151962"
"Morehead City, North Carolina","Morehead City, Carteret County, North Carolina, 28557, United States","34.7229391","-76.7260436","1341594"
"Suffolk","Suffolk, England, United Kingdom","52.241001350000005","1.0466830312565236","172469744"
"Morehead City NC","Morehead City, Carteret County, North Carolina, 28557, United States","34.7229391","-76.7260436","1341594"
"Syracuse, NY","City of Syracuse, Onondaga County, New York, United States","43.0481221","-76.1474244","8914331"
"Homer ny","Town of Homer, Cortland County, New York, 13077, United States","42.6370141","-76.1788174","8993769"
"Ny","New York, United States","43.1561681","-75.8449946","9827405"
"Homer, NY","Town of Homer, Cortland County, New York, 13077, United States","42.6370141","-76.1788174","8993769"
"Cortland","Cortland County, New York, United States","42.5842136","-76.0704906","9045548"
"Tully, NY","Village of Tully, Town of Tully, Onondaga County, New York, United States","42.798123","-76.1093696","9002939"
"Kingston, PA","Kingston, Luzerne County, Pennsylvania, United States","41.2620137","-75.897197","13093248"
"Columbia City, Oregon","Columbia City, Columbia County, Oregon, 97018, United States","45.8897971","-122.808645","313957371"
"Maryland","Maryland, United States","39.5162401","-76.9382069","4511521"
"Horseheads, NY","Village of Horseheads, Town of Horseheads, Chemung County, New York, 14845, United States","42.1669832","-76.8202973","9345641"
"Elmira, NY","City of Elmira, Chemung County, New York, United States","42.0897965","-76.8077338","9365832"
"Arnold, Maryland","Arnold, Anne Arundel County, Maryland, 21012, United States","39.0320784","-76.5025431","5198481"
"Wilkes-Barre Twp. Pa.","Wilkes-Barre Township, Luzerne County, Pennsylvania, United States","41.23369915","-75.85364178943517","13028245"
"Forest lake, Minnesota","Forest Lake, Washington County, Minnesota, 55025, United States","45.279106","-92.9851629","28756302"
"Kingston, PA","Kingston, Luzerne County, Pennsylvania, United States","41.2620137","-75.897197","13093248"
"Waco, Texas","Waco, McLennan County, Texas, United States","31.5491899","-97.1474628","305234287"
"Cortland","Cortland County, New York, United States","42.5842136","-76.0704906","9045548"
"Hastings, Nebraska","Hastings, Adams County, Nebraska, United States","40.5861322","-98.3898883","316387863"
"Hastings, Nebraska","Hastings, Adams County, Nebraska, United States","40.5861322","-98.3898883","316387863"
"Waco","Waco, McLennan County, Texas, United States","31.5491899","-97.1474628","305234287"
"Morehead North Carolina","Morehead, Chatham County, North Carolina, United States","35.8443764","-79.0582876","955809"
"Kingston, PA","Kingston, Luzerne County, Pennsylvania, United States","41.2620137","-75.897197","13093248"
"Kingston, PA","Kingston, Luzerne County, Pennsylvania, United States","41.2620137","-75.897197","13093248"
"Kingston, PA","Kingston, Luzerne County, Pennsylvania, United States","41.2620137","-75.897197","13093248"
"Cortland, NY","Cortland County, New York, United States","42.5842136","-76.0704906","9045548"
"Wilkes-Barre, PA","Wilkes-Barre, Luzerne County, Pennsylvania, United States","41.2464824","-75.8817316","13104295"
"NORRISTOWN","Norristown, Montgomery County, Pennsylvania, 19401, United States","40.121497","-75.3399048","14031461"
"Moscow, PA","Moscow, Lackawanna County, Pennsylvania, 18444, United States","41.3367497","-75.5185191","13139930"
"Waco, Tx","Waco, McLennan County, Texas, United States","31.5491899","-97.1474628","305234287"
"Kingston, PA","Kingston, Luzerne County, Pennsylvania, United States","41.2620137","-75.897197","13093248"
"Waco","Waco, McLennan County, Texas, United States","31.5491899","-97.1474628","305234287"
"Morehead City, NC","Morehead City, Carteret County, North Carolina, 28557, United States","34.7229391","-76.7260436","1341594"
"Annapolis, MD","Annapolis, Anne Arundel County, Maryland, United States","38.9786401","-76.492786","3809116"
"Waterville, Maine","Waterville, Kennebec County, Maine, United States","44.5520105","-69.6317121","19946455"
"Arcadia, FL","Arcadia, DeSoto County, Florida, United States","27.2158826","-81.8584164","294755071"
"Pennsylvania","Pennsylvania, United States","40.9699889","-77.7278831","6474057"
"Kingston, PA","Kingston, Luzerne County, Pennsylvania, United States","41.2620137","-75.897197","13093248"
"Waco","Waco, McLennan County, Texas, United States","31.5491899","-97.1474628","305234287"
"Nashville 37215","Nashville-Davidson, Davidson County, Middle Tennessee, Tennessee, United States","36.1622767","-86.7742984","323758474"
"Waterville, Maine","Waterville, Kennebec County, Maine, United States","44.5520105","-69.6317121","19946455"
"Crownsville, Maryland","Crownsville, Anne Arundel County, Maryland, 21140, United States","39.0197327","-76.59026765175719","5145351"
"Annapolis, MD","Annapolis, Anne Arundel County, Maryland, United States","38.9786401","-76.492786","3809116"
"Naptown","Crossfit Naptown, 609, North Delaware Street, St. Joseph, Indianapolis, Marion County, Indiana, 46204, United States","39.775776","-86.153903","324325151"
"Severna Park Maryland","Severna Park, Anne Arundel County, Maryland, 21146, United States","39.070388","-76.5452409","5151962"
"KINGSTON","Kingston, Kingston and Saint Andrew Corporation, Surrey County, Jamaica","17.9712148","-76.7928128","296427240"
"Kingston Pennsylvania","Kingston, Luzerne County, Pennsylvania, United States","41.2620137","-75.897197","13093248"
"Fort Scott, Ks","Fort Scott, Bourbon County, Kansas, 66701, United States","37.8399791","-94.7082882","322190760"
"Tampa, FL","Tampa, Hillsborough County, Florida, United States","27.9477595","-82.458444","294544988"
"SYRACUSE","City of Syracuse, Onondaga County, New York, United States","43.0481221","-76.1474244","8914331"
"Syracuse","City of Syracuse, Onondaga County, New York, United States","43.0481221","-76.1474244","8914331"
"Hanover Pennsylvania","Hanover, York County, Pennsylvania, 17331, United States","39.8005316","-76.9832568","5833002"
"Fort Scott, Ks","Fort Scott, Bourbon County, Kansas, 66701, United States","37.8399791","-94.7082882","322190760"
"Cortland","Cortland County, New York, United States","42.5842136","-76.0704906","9045548"
"Lebanon","Lebanon County, Pennsylvania, United States","40.375713","-76.4626118","6244386"
"Pennsylvania","Pennsylvania, United States","40.9699889","-77.7278831","6474057"
"Floydada, Texas","Floydada, Floyd County, Texas, 79235, United States","33.9836962","-101.3368743","319223049"
"Pueblo, Colorado","Pueblo, Pueblo County, Colorado, United States","38.2544472","-104.609141","317430513"
"Homer NY","Town of Homer, Cortland County, New York, 13077, United States","42.6370141","-76.1788174","8993769"
"Kingston, PA","Kingston, Luzerne County, Pennsylvania, United States","41.2620137","-75.897197","13093248"
"Cortland, NY","Cortland County, New York, United States","42.5842136","-76.0704906","9045548"
"Wilkes Barre, PA","Wilkes-Barre, Luzerne County, Pennsylvania, United States","41.2464824","-75.8817316","13104295"
"Baltimore Maryland","Baltimore, Maryland, United States","39.2908816","-76.610759","5444564"
"Glen Burnie Md.","Glen Burnie, Anne Arundel County, Maryland, 21061, United States","39.1648","-76.6249437","377442808"
"Glen Burnie Md","Glen Burnie, Anne Arundel County, Maryland, 21061, United States","39.1648","-76.6249437","377442808"
"Syracuse NY","City of Syracuse, Onondaga County, New York, United States","43.0481221","-76.1474244","8914331"
"Kingston, PA","Kingston, Luzerne County, Pennsylvania, United States","41.2620137","-75.897197","13093248"
"Annapolis, Maryland","Annapolis, Anne Arundel County, Maryland, United States","38.9786401","-76.492786","3809116"
"Bethany Beach, DE","Bethany Beach, Sussex County, Delaware, 19930, United States","38.5379676","-75.0588646","1926865"
"Kingston, PA","Kingston, Luzerne County, Pennsylvania, United States","41.2620137","-75.897197","13093248"
"Gaithersburg   TN","Gaithersburg, Montgomery County, Maryland, United States","39.1399187","-77.1929215","4961170"
"Kingston, PA","Kingston, Luzerne County, Pennsylvania, United States","41.2620137","-75.897197","13093248"
"Annapolis, Maryland","Annapolis, Anne Arundel County, Maryland, United States","38.9786401","-76.492786","3809116"
"Kingston, PA","Kingston, Luzerne County, Pennsylvania, United States","41.2620137","-75.897197","13093248"
"Glen Burnie Maryland","Glen Burnie, Anne Arundel County, Maryland, 21061, United States","39.1648","-76.6249437","377442808"
"Timonium, MD","Timonium, Baltimore County, Maryland, 21093, United States","39.4368436","-76.6187044","5306918"
"Pueblo, Colorado","Pueblo, Pueblo County, Colorado, United States","38.2544472","-104.609141","317430513"
"Edgewater, MD","Edgewater, Anne Arundel County, Maryland, United States","38.9358105","-76.55301414304145","3851707"
"Annapolis, MD","Annapolis, Anne Arundel County, Maryland, United States","38.9786401","-76.492786","3809116"
"Kingston, PA","Kingston, Luzerne County, Pennsylvania, United States","41.2620137","-75.897197","13093248"
"Frederick, MD","Frederick, Frederick County, Maryland, United States","39.415779","-77.4127562","4735960"
"Kingston, PA","Kingston, Luzerne County, Pennsylvania, United States","41.2620137","-75.897197","13093248"
"Annapolis, MD","Annapolis, Anne Arundel County, Maryland, United States","38.9786401","-76.492786","3809116"
"Pueblo West, Colorado","Pueblo West, Pueblo County, Colorado, 81007, United States","38.3558615","-104.7112109849374","317455681"
"Pueblo Colorado","Pueblo, Pueblo County, Colorado, United States","38.2544472","-104.609141","317430513"
"Loveland, OH","Loveland, Hamilton County, Ohio, 45140, United States","39.2689476","-84.263826","324679613"
"Cincinnati Ohio","Cincinnati, Hamilton County, Ohio, United States","39.1014537","-84.5124602","372929368"
"Ft. Scott, Kansas","Fort Scott, Bourbon County, Kansas, 66701, United States","37.8399791","-94.7082882","322190760"
"ANNAPOLIS MD","Annapolis, Anne Arundel County, Maryland, United States","38.9786401","-76.492786","3809116"
"Annapolis MD","Annapolis, Anne Arundel County, Maryland, United States","38.9786401","-76.492786","3809116"
"Hastings Nebraska","Hastings, Adams County, Nebraska, United States","40.5861322","-98.3898883","316387863"
"Fort Scott, KS","Fort Scott, Bourbon County, Kansas, 66701, United States","37.8399791","-94.7082882","322190760"
"Fort Scott, KS","Fort Scott, Bourbon County, Kansas, 66701, United States","37.8399791","-94.7082882","322190760"
"Annapolis, MD","Annapolis, Anne Arundel County, Maryland, United States","38.9786401","-76.492786","3809116"
"Dothan, Alabama","Dothan, Houston County, Alabama, United States","31.2237285","-85.3934375","293154993"
"Hastings Nebraska","Hastings, Adams County, Nebraska, United States","40.5861322","-98.3898883","316387863"
"Davidsonville","Davidsonville, Johannesburg Ward 71, Roodepoort, City of Johannesburg Metropolitan Municipality, Gauteng, 1725, South Africa","-26.1547222","27.8502778","61499149"
"Ninety Six SC","Ninety Six, Greenwood County, South Carolina, United States","34.1751267","-82.024007","327099600"
"KS","Kansas, United States","38.27312","-98.5821872","316653729"
"Deerfield Beach, Florida","Deerfield Beach, Broward County, Florida, United States","26.318342","-80.0996306","295039341"
"Deerfield Beach, Florida","Deerfield Beach, Broward County, Florida, United States","26.318342","-80.0996306","295039341"
"Crofton","Crofton, Anne Arundel County, Maryland, 21114, United States","39.01595465","-76.68420565430054","5115429"
"Pueblo West, Colorado","Pueblo West, Pueblo County, Colorado, 81007, United States","38.3558615","-104.7112109849374","317455681"
"Kingston","Kingston, Kingston and Saint Andrew Corporation, Surrey County, Jamaica","17.9712148","-76.7928128","296427240"
"KINGSTON","Kingston, Kingston and Saint Andrew Corporation, Surrey County, Jamaica","17.9712148","-76.7928128","296427240"
"Fort Scott, KS","Fort Scott, Bourbon County, Kansas, 66701, United States","37.8399791","-94.7082882","322190760"
"Reading PA","Reading, Berks County, Pennsylvania, United States","40.335345","-75.9279495","14029212"
"Glen Burnie","Glen Burnie, Anne Arundel County, Maryland, United States","39.1595439","-76.61515136556432","5156910"
"Augusta, GA","Augusta, Richmond County, Georgia, United States","33.4709714","-81.9748429","510312"
"St. Helens, Oregon","Saint Helens, Columbia County, Oregon, 97051, United States","45.8640034","-122.8064922","313903887"
"Kingston, PA","Kingston, Luzerne County, Pennsylvania, United States","41.2620137","-75.897197","13093248"
"KINGSTON, PA","Kingston, Luzerne County, Pennsylvania, United States","41.2620137","-75.897197","13093248"
"Kingston, PA","Kingston, Luzerne County, Pennsylvania, United States","41.2620137","-75.897197","13093248"
"Cartersville, Ga","Cartersville, Bartow County, Georgia, 30120, United States","34.1652304","-84.7997613","327814935"
"Kingston, PA","Kingston, Luzerne County, Pennsylvania, United States","41.2620137","-75.897197","13093248"
"Annapolis Md","Annapolis, Anne Arundel County, Maryland, United States","38.9786401","-76.492786","3809116"
"Kingston, PA","Kingston, Luzerne County, Pennsylvania, United States","41.2620137","-75.897197","13093248"
"Kingston, PA","Kingston, Luzerne County, Pennsylvania, United States","41.2620137","-75.897197","13093248"
"DeLand Florida","DeLand, Volusia County, Florida, 32723, United States","29.0281051","-81.3034183","291787716"
"Annapolis MD","Annapolis, Anne Arundel County, Maryland, United States","38.9786401","-76.492786","3809116"
"Annapolis","Annapolis, Anne Arundel County, Maryland, United States","38.9786401","-76.492786","3809116"
"Kingston, PA","Kingston, Luzerne County, Pennsylvania, United States","41.2620137","-75.897197","13093248"
"owosso Michigan","Owosso, Shiawassee County, Michigan, 48867, United States","42.9975968","-84.1720541","26940324"
"Lansing, Michigan","Lansing, Ingham County, Michigan, United States","42.7337712","-84.5553805","26838597"
"Kingston, PA","Kingston, Luzerne County, Pennsylvania, United States","41.2620137","-75.897197","13093248"
"Kingston, PA","Kingston, Luzerne County, Pennsylvania, United States","41.2620137","-75.897197","13093248"
"Kingston PA","Kingston, Luzerne County, Pennsylvania, United States","41.2620137","-75.897197","13093248"
"Johnston, Iowa","Johnston, Polk County, Iowa, 50131, United States","41.6731523","-93.6973395","28225758"
"Annapolis, MD","Annapolis, Anne Arundel County, Maryland, United States","38.9786401","-76.492786","3809116"
"Hagerstown, MD","Hagerstown, Washington County, Maryland, United States","39.6430455","-77.7191081","5872848"
"Springfield, Mo","Springfield, Greene County, Missouri, United States","37.2081729","-93.2922715","322125223"
"Allentown, PA","Allentown, Lehigh County, Pennsylvania, United States","40.6022059","-75.4712794","14010103"
"Denton, MD","Denton, Caroline County, Maryland, 21629, United States","38.8845583","-75.8271564","1907587"
"Hagerstown, MD","Hagerstown, Washington County, Maryland, United States","39.6430455","-77.7191081","5872848"
"Hagerstown, Md","Hagerstown, Washington County, Maryland, United States","39.6430455","-77.7191081","5872848"
"Kingston PA","Kingston, Luzerne County, Pennsylvania, United States","41.2620137","-75.897197","13093248"
"Kingston PA","Kingston, Luzerne County, Pennsylvania, United States","41.2620137","-75.897197","13093248"
"Kingston PA","Kingston, Luzerne County, Pennsylvania, United States","41.2620137","-75.897197","13093248"
"Kingston PA","Kingston, Luzerne County, Pennsylvania, United States","41.2620137","-75.897197","13093248"
"Washington, DC.","Washington, District of Columbia, United States","38.8950368","-77.0365427","4238259"
"SEVERNA PARK","Severna Park, Anne Arundel County, Maryland, 21146, United States","39.070388","-76.5452409","5151962"
"Ogilvie, Minnesota","Ogilvie, Kanabec County, Minnesota, United States","45.8321825","-93.4263416","28731217"
"Redbank South Carolina","Redbank Drain, Colleton County, South Carolina, 29433, United States","33.047115","-80.656584","589380"
"Lexington","Lexington, Fayette County, Kentucky, United States","38.0464066","-84.4970393","325603690"
"Lexington sc","Lexington County, South Carolina, United States","33.8986841","-81.275054","552115"
"Loveland, OH","Loveland, Hamilton County, Ohio, 45140, United States","39.2689476","-84.263826","324679613"
"Blue Ash, Ohio","Blue Ash, Hamilton County, Ohio, 45242, United States","39.2320073","-84.3782817","324912003"
"Lexington SC","Lexington County, South Carolina, United States","33.8986841","-81.275054","552115"
"Loveland, OH","Loveland, Hamilton County, Ohio, 45140, United States","39.2689476","-84.263826","324679613"
"Hagerstown MD","Hagerstown, Washington County, Maryland, United States","39.6430455","-77.7191081","5872848"
"Milford OH","Milford, Clermont County, Ohio, United States","39.174625","-84.2958988","324973125"
"Milford OH","Milford, Clermont County, Ohio, United States","39.174625","-84.2958988","324973125"
"Edgewater","Edgewater, Bergen County, New Jersey, 07020, United States","40.8270448","-73.975694","15776616"
"Cincinnati","Cincinnati, Hamilton County, Ohio, United States","39.1014537","-84.5124602","372929368"
"Annapolis, Maryland","Annapolis, Anne Arundel County, Maryland, United States","38.9786401","-76.492786","3809116"
"Ohio","Ohio, United States","40.2253569","-82.6881395","25324576"
"Annapolis","Annapolis, Anne Arundel County, Maryland, United States","38.9786401","-76.492786","3809116"
"Mason, Ohio","Mason, Warren County, Ohio, 45040, United States","39.3600586","-84.309939","324665123"
"Loveland, OH","Loveland, Hamilton County, Ohio, 45140, United States","39.2689476","-84.263826","324679613"
"Fort Scott, KS","Fort Scott, Bourbon County, Kansas, 66701, United States","37.8399791","-94.7082882","322190760"
"NY","New York, United States","43.1561681","-75.8449946","9827405"
"Cincinnati, OH","Cincinnati, Hamilton County, Ohio, United States","39.1014537","-84.5124602","372929368"
"Cincinnati, OH","Cincinnati, Hamilton County, Ohio, United States","39.1014537","-84.5124602","372929368"
"Forty fort, PA","Forty Fort, Luzerne County, Pennsylvania, United States","41.2789699","-75.8782519","13143887"
"Forty fort, PA","Forty Fort, Luzerne County, Pennsylvania, United States","41.2789699","-75.8782519","13143887"
"Cambridge,Maryland","Cambridge, Dorchester County, Maryland, 21613, United States","38.5714624","-76.0763177","3759460"
"Cambridge, MD","Cambridge, Dorchester County, Maryland, 21613, United States","38.5714624","-76.0763177","3759460"
"Cambridge","Cambridge, Cambridgeshire, Cambridgeshire and Peterborough, England, United Kingdom","52.2055314","0.1186637","172619753"
"Cambridge Maryland","Cambridge, Dorchester County, Maryland, 21613, United States","38.5714624","-76.0763177","3759460"
"Cambridge Maryland","Cambridge, Dorchester County, Maryland, 21613, United States","38.5714624","-76.0763177","3759460"
"Syracuse, NY","City of Syracuse, Onondaga County, New York, United States","43.0481221","-76.1474244","8914331"
"Kingston, PA","Kingston, Luzerne County, Pennsylvania, United States","41.2620137","-75.897197","13093248"
"Loveland","Loveland, Larimer County, Colorado, United States","40.3977612","-105.07498","315648628"
"Hagerstown Maryland","Hagerstown, Washington County, Maryland, United States","39.6430455","-77.7191081","5872848"
"Forty fort, PA","Forty Fort, Luzerne County, Pennsylvania, United States","41.2789699","-75.8782519","13143887"
"Loveland","Loveland, Larimer County, Colorado, United States","40.3977612","-105.07498","315648628"
"Loveland, OH","Loveland, Hamilton County, Ohio, 45140, United States","39.2689476","-84.263826","324679613"
"Loveland, OH","Loveland, Hamilton County, Ohio, 45140, United States","39.2689476","-84.263826","324679613"
"Loveland, OH","Loveland, Hamilton County, Ohio, 45140, United States","39.2689476","-84.263826","324679613"
"Loveland, OH","Loveland, Hamilton County, Ohio, 45140, United States","39.2689476","-84.263826","324679613"
"Binghamton, NY","City of Binghamton, Broome County, New York, 13905, United States","42.098698","-75.9125187","9519552"
"SIDNEY CENTER","Sidney Center, Town of Sidney, Delaware County, New York, 13839, United States","42.2906379","-75.2557286","9570568"
"Terre Haute","Terre Haute, Vigo County, Indiana, United States","39.4667025","-87.4139119","324065568"
"Bainbridge, NY","Village of Bainbridge, Town of Bainbridge, Chenango County, New York, 13733, United States","42.2935152","-75.4792592","9520496"
"Pueblo West, Colorado","Pueblo West, Pueblo County, Colorado, 81007, United States","38.3558615","-104.7112109849374","317455681"
"Vestal ny","Town of Vestal, Broome County, New York, United States","42.0850703","-76.053813","9413078"
"Portville NY","Village of Portville, Town of Portville, Cattaraugus County, New York, United States","42.0386764","-78.3408496","6583934"
"Wilkes Barre PA","Wilkes-Barre, Luzerne County, Pennsylvania, United States","41.2464824","-75.8817316","13104295"
"Kirkwood","Kirkwood, Saint Louis County, Missouri, 63122, United States","38.5800713","-90.4069177","322954400"
"Bainbridge","Bainbridge, Decatur County, Georgia, United States","30.9038252","-84.5754768","293128425"
"Missouri","Missouri, United States","38.7604815","-92.5617875","322682833"
"Tulsa","Tulsa, Tulsa County, Oklahoma, United States","36.1563122","-95.9927516","321784698"
"Craftsbury, VT","Craftsbury, Orleans County, Vermont, United States","44.6361057","-72.3732957","21598115"
"Mason ohio","Mason, Warren County, Ohio, 45040, United States","39.3600586","-84.309939","324665123"
"Johnstown PA","Johnstown, Cambria County, Pennsylvania, United States","40.3267407","-78.9219698","6140149"
"Cortland NY","Cortland County, New York, United States","42.5842136","-76.0704906","9045548"
"Sebring","Sebring, Highlands County, Florida, 33870, United States","27.4957453","-81.4410425","294765511"
"Cambridge md","Cambridge, Dorchester County, Maryland, 21613, United States","38.5714624","-76.0763177","3759460"
"Forty fort, PA","Forty Fort, Luzerne County, Pennsylvania, United States","41.2789699","-75.8782519","13143887"
"Cambridge, MD","Cambridge, Dorchester County, Maryland, 21613, United States","38.5714624","-76.0763177","3759460"
"Cambridge","Cambridge, Cambridgeshire, Cambridgeshire and Peterborough, England, United Kingdom","52.2055314","0.1186637","172619753"
"Williamsburg, Va","Williamsburg, Virginia, United States","37.2708788","-76.7074042","2685828"
"MARYLAND","Maryland, United States","39.5162401","-76.9382069","4511521"
"dowling michigan","Dowling, Baltimore Township, Barry County, Michigan, 49050, United States","42.5225362","-85.2530589","26790890"
"Annapolis, MD","Annapolis, Anne Arundel County, Maryland, United States","38.9786401","-76.492786","3809116"
"Sioux City,Iowa","Sioux City, Woodbury County, Iowa, United States","42.4966815","-96.4058782","316308919"
"Cortland, New York","Cortland County, New York, United States","42.5842136","-76.0704906","9045548"
"Goshen Indiana","Goshen, Elkhart County, Indiana, United States","41.5850394","-85.8344491","25435561"
"Hyattsville","Hyattsville, Prince George's County, Maryland, 20781, United States","38.9529442","-76.9408647","4091414"
"Lapaz, Honduras","Calle Honduras, Miraflores, Centro, La Paz, Pedro Domingo Murillo, La Paz, Bolivia","-16.48907","-68.1209374","36173850"
"Hurlock","Hurlock, Dorchester County, Maryland, United States","38.6346863","-75.8637279","1897858"
"Summers county wv","Summers County, West Virginia, United States","37.6293626","-80.8458259","325882062"
"Bluefield WV","Bluefield, Mercer County, West Virginia, 24701, United States","37.2698395","-81.2223195","325938795"
"Fort Scott, Kansas","Fort Scott, Bourbon County, Kansas, 66701, United States","37.8399791","-94.7082882","322190760"
"Sheboygan, WI","Sheboygan County, Wisconsin, United States","43.7128967","-87.9370433","27084792"
"Kingston, PA","Kingston, Luzerne County, Pennsylvania, United States","41.2620137","-75.897197","13093248"
"Clearwater","Clearwater, Pinellas County, Florida, United States","27.9658533","-82.8001026","294520881"
"Fort Scott, KS","Fort Scott, Bourbon County, Kansas, 66701, United States","37.8399791","-94.7082882","322190760"
"Iowa, Sioux City","Sioux City, Woodbury County, Iowa, United States","42.4966815","-96.4058782","316308919"
"Gulf shores Alabama","Gulf Shores, Baldwin County, Alabama, 36542, United States","30.2711224","-87.6893826","377280457"
"Taneytown md","Taneytown, Carroll County, Maryland, 21787, United States","39.6593585","-77.1756197","5889598"
"Saint Louis, MI","Saint Louis, Missouri, United States","38.6280278","-90.1910154","322983104"
"Cambridge Maryland","Cambridge, Dorchester County, Maryland, 21613, United States","38.5714624","-76.0763177","3759460"
"Millersville, Maryland","Millersville, Anne Arundel County, Maryland, 21054, United States","39.0595542","-76.6480219","5133364"
"Milford Mill, Maryland","Milford Mill, Baltimore County, Maryland, 21244, United States","39.3478838","-76.7699739","5691796"
"BALTIMORE","Baltimore, Maryland, United States","39.2908816","-76.610759","5444564"
"Hampstead, Md","Hampstead, Carroll County, Maryland, United States","39.6028444","-76.8534845","5813786"
"Reisterstown, MD","Reisterstown, Baltimore County, Maryland, 21136, United States","39.4695489","-76.8294213","5749835"
"Finishing, MD","Finishing Mill Road, Tradepoint Atlantic, Sparrows Point, Dundalk, Baltimore County, Maryland, 21219, United States","39.2298946","-76.4678731","5139053"
"Albany","City of Albany, Albany County, New York, United States","42.6511674","-73.754968","10658638"
"Cortland NY","Cortland County, New York, United States","42.5842136","-76.0704906","9045548"
"Victoria,  B.C. Canada","Victoria, Capital Regional District, British Columbia, Canada","48.4283182","-123.364953","31716016"
"Pasadena","Pasadena, California, United States","34.1476507","-118.144155","309143218"
"Glen Burnie, MD","Glen Burnie, Anne Arundel County, Maryland, 21061, United States","39.1648","-76.6249437","377442808"
"Gambrills MD","Gambrills, Anne Arundel County, Maryland, United States","39.0963486","-76.65490970738688","5117113"
"Glen Burnie, MD","Glen Burnie, Anne Arundel County, Maryland, 21061, United States","39.1648","-76.6249437","377442808"
"Westminster, MD","Westminster, Carroll County, Maryland, United States","39.5751717","-76.9959168","5900690"
"Glen Burnie  Maryland","Glen Burnie, Anne Arundel County, Maryland, 21061, United States","39.1648","-76.6249437","377442808"
"Lexington, SC","Lexington County, South Carolina, United States","33.8986841","-81.275054","552115"
"Glen Burnie","Glen Burnie, Anne Arundel County, Maryland, United States","39.1595439","-76.61515136556432","5156910"
"Edmond, Ok","Edmond, Oklahoma County, Oklahoma, United States","35.6571367","-97.4649038","319484949"
"Annapolis, MD","Annapolis, Anne Arundel County, Maryland, United States","38.9786401","-76.492786","3809116"
"College Park, MD","College Park, Prince George's County, Maryland, United States","38.980666","-76.9369189","4072322"
"Pasadena Maryland","Pasadena, Anne Arundel County, Maryland, United States","39.155815950000004","-76.55288309143504","5140534"
"Stevensville, MD","Stevensville, Queen Anne's County, Maryland, United States","38.97776585","-76.31893928440874","3788009"
"Glen Burnie Maryland","Glen Burnie, Anne Arundel County, Maryland, 21061, United States","39.1648","-76.6249437","377442808"
"severna park maryland","Severna Park, Anne Arundel County, Maryland, 21146, United States","39.070388","-76.5452409","5151962"
"Hanover, MD","Hanover, Howard County, Maryland, 21076, United States","39.1928853","-76.7241371","5060254"
"Glen Burnie","Glen Burnie, Anne Arundel County, Maryland, United States","39.1595439","-76.61515136556432","5156910"
"National Park,NJ","National Park, Gloucester County, New Jersey, 08063, United States","39.865968","-75.1796351","1670291"
"Columbia Maryland","Columbia, Howard County, Maryland, United States","39.2156213","-76.8582049","5121839"
"Glen Burnie maryland","Glen Burnie, Anne Arundel County, Maryland, 21061, United States","39.1648","-76.6249437","377442808"
"CORTLAND","Cortland County, New York, United States","42.5842136","-76.0704906","9045548"
"Trenton Tn","Trenton, Gibson County, West Tennessee, Tennessee, 38382, United States","35.9808073","-88.9416829","321419028"
"Halethorpe","Halethorpe, Arbutus, Baltimore County, Maryland, 21227, United States","39.2398292","-76.6802471","5135536"
"Pueblo, Colorado","Pueblo, Pueblo County, Colorado, United States","38.2544472","-104.609141","317430513"
"Taneytown, MD","Taneytown, Carroll County, Maryland, 21787, United States","39.6593585","-77.1756197","5889598"
"Glen Burnie, MD","Glen Burnie, Anne Arundel County, Maryland, 21061, United States","39.1648","-76.6249437","377442808"
"Glen Burnie","Glen Burnie, Anne Arundel County, Maryland, United States","39.1595439","-76.61515136556432","5156910"
"Glen burnie","Glen Burnie, Anne Arundel County, Maryland, United States","39.1595439","-76.61515136556432","5156910"
"MD","Moldova","47.2879608","28.5670941","84853705"
"Severna Park, MD","Severna Park, Anne Arundel County, Maryland, 21146, United States","39.070388","-76.5452409","5151962"
"Westminster MD","Westminster, Carroll County, Maryland, United States","39.5751717","-76.9959168","5900690"
"Forest Hill, MD","Forest Hill, Bel Air, Harford County, Maryland, 21050, United States","39.5851063","-76.387739","5833560"
"Annapolis Md","Annapolis, Anne Arundel County, Maryland, United States","38.9786401","-76.492786","3809116"
"Baltimore  Maryland","Baltimore, Maryland, United States","39.2908816","-76.610759","5444564"
"Wilson, NC","Wilson County, North Carolina, United States","35.7059114","-77.9175714","1277592"
"Grasonville, MD","Grasonville, Queen Anne's County, Maryland, 21638, United States","38.959396999999996","-76.1972184486028","3746171"
"Rock Spring Ga","Rock Spring, Walker County, Georgia, 30739, United States","34.8242442","-85.2427323","327736936"
"Baltimore Maryland","Baltimore, Maryland, United States","39.2908816","-76.610759","5444564"
"Glen Burnie","Glen Burnie, Anne Arundel County, Maryland, United States","39.1595439","-76.61515136556432","5156910"
"Gettysburg PA","Gettysburg, Adams County, Pennsylvania, 17325, United States","39.8308973","-77.231012","369484792"
"Great Lakes, IL","Great Lakes, North Chicago, Lake County, Illinois, 60088, United States","42.3093241","-87.8496551","26643916"
"Baltimore, Maryland","Baltimore, Maryland, United States","39.2908816","-76.610759","5444564"
"Glen Burnie MD","Glen Burnie, Anne Arundel County, Maryland, 21061, United States","39.1648","-76.6249437","377442808"
"Pasadena,MD","Pasadena, Anne Arundel County, Maryland, United States","39.155815950000004","-76.55288309143504","5140534"
"Annapolis Maryland","Annapolis, Anne Arundel County, Maryland, United States","38.9786401","-76.492786","3809116"
"Laurel, MD","Laurel, Prince George's County, Maryland, 20707, United States","39.0984317","-76.8485094","5057256"
"Ottawa, Ontario, Canada","Ottawa, Eastern Ontario, Ontario, Canada","45.4208777","-75.6901106","22394644"
"Sarasota, FL","Sarasota, Sarasota County, Florida, United States","27.3365805","-82.5308545","294701223"
"Severna Park, MD","Severna Park, Anne Arundel County, Maryland, 21146, United States","39.070388","-76.5452409","5151962"
"Pasadena Maryland","Pasadena, Anne Arundel County, Maryland, United States","39.155815950000004","-76.55288309143504","5140534"
"Glen Burnie MD","Glen Burnie, Anne Arundel County, Maryland, 21061, United States","39.1648","-76.6249437","377442808"
"Fort Scott, Ks","Fort Scott, Bourbon County, Kansas, 66701, United States","37.8399791","-94.7082882","322190760"
"Pasadena","Pasadena, California, United States","34.1476507","-118.144155","309143218"
"Shrewsbury, Pennsylvania","Shrewsbury, York County, Pennsylvania, United States","39.7687574","-76.6796518","5864003"
"Taneytown, MD","Taneytown, Carroll County, Maryland, 21787, United States","39.6593585","-77.1756197","5889598"
"Hanover, MD","Hanover, Howard County, Maryland, 21076, United States","39.1928853","-76.7241371","5060254"
"Glen Burnie, Maryland","Glen Burnie, Anne Arundel County, Maryland, 21061, United States","39.1648","-76.6249437","377442808"
"Pasadena, MD","Pasadena, Anne Arundel County, Maryland, United States","39.155815950000004","-76.55288309143504","5140534"
"Nashville, Tennessee","Nashville-Davidson, Davidson County, Middle Tennessee, Tennessee, United States","36.1622767","-86.7742984","323758474"
"Glen Allen, VA","Glen Allen, Henrico County, Virginia, United States","37.6659781","-77.506374","2317813"
"Westminster MD","Westminster, Carroll County, Maryland, United States","39.5751717","-76.9959168","5900690"
"Cambridge","Cambridge, Cambridgeshire, Cambridgeshire and Peterborough, England, United Kingdom","52.2055314","0.1186637","172619753"
"Bellville","Bellville, Austin County, Texas, United States","29.9502253","-96.2571858","304511202"
"Mansfield Ohio","Mansfield, Richland County, Ohio, United States","40.75839","-82.5154471","25106991"
"Roosevelt, utah","Roosevelt, Duchesne County, Utah, 84066, United States","40.299403","-109.9887605","315373015"
"Severna Park, Maryland","Severna Park, Anne Arundel County, Maryland, 21146, United States","39.070388","-76.5452409","5151962"
"Pasadena, MD","Pasadena, Anne Arundel County, Maryland, United States","39.155815950000004","-76.55288309143504","5140534"
"Glen burnie","Glen Burnie, Anne Arundel County, Maryland, United States","39.1595439","-76.61515136556432","5156910"
"Glen Burnie, Maryland","Glen Burnie, Anne Arundel County, Maryland, 21061, United States","39.1648","-76.6249437","377442808"
"Mart, TX","Mart, McLennan County, Texas, United States","31.5423911","-96.8336015","305223633"
"Roosevelt Utah","Roosevelt, Duchesne County, Utah, 84066, United States","40.299403","-109.9887605","315373015"
"Russellville Arkansas","Russellville, Pope County, Arkansas, United States","35.2784173","-93.1337856","321491548"
"Glen Burnie","Glen Burnie, Anne Arundel County, Maryland, United States","39.1595439","-76.61515136556432","5156910"
"York PA","York, West Market Street, Northwest Triangle, York, York County, Pennsylvania, 17402, United States","39.9624588","-76.7277218","5871058"
"Waynesboro,PA","Waynesboro, Franklin County, Pennsylvania, 17268, United States","39.7557827","-77.5776512","5888855"
"Olean, NY","City of Olean, Cattaraugus County, New York, 14760, United States","42.0775022","-78.4298248","6572977"
"Lake Wales","Lake Wales, Polk County, Florida, United States","27.9014133","-81.5859099","294807786"
"Allegany New York","Allegany County, New York, United States","42.2446061","-78.0419281","6669978"
"Olean, NY","City of Olean, Cattaraugus County, New York, 14760, United States","42.0775022","-78.4298248","6572977"
"Shinglehouse, PA","Shinglehouse, Potter County, Pennsylvania, 18748, United States","41.9636768","-78.1908437","6454540"
"Cuba, NY","Town of Cuba, Allegany County, New York, 14727, United States","42.2175668","-78.2752927","6569883"
"Cuba NY","Town of Cuba, Allegany County, New York, 14727, United States","42.2175668","-78.2752927","6569883"
"Cuba NY","Town of Cuba, Allegany County, New York, 14727, United States","42.2175668","-78.2752927","6569883"
"Bradford, PA","Bradford County, Pennsylvania, United States","41.7746685","-76.5264613","6405681"
"Glen Burnie Md","Glen Burnie, Anne Arundel County, Maryland, 21061, United States","39.1648","-76.6249437","377442808"
"Columbia Maryland","Columbia, Howard County, Maryland, United States","39.2156213","-76.8582049","5121839"
"Bolivar NY","Village of Bolivar, Town of Bolivar, Allegany County, New York, United States","42.0670399","-78.1669081","6665588"
"Wilkes Barre PA","Wilkes-Barre, Luzerne County, Pennsylvania, United States","41.2464824","-75.8817316","13104295"
"Sweden","Sverige","59.6749712","14.5208584","179793214"
"Wilkes Barre PA","Wilkes-Barre, Luzerne County, Pennsylvania, United States","41.2464824","-75.8817316","13104295"
"Wilkes Barre PA","Wilkes-Barre, Luzerne County, Pennsylvania, United States","41.2464824","-75.8817316","13104295"
"Portville, NY","Village of Portville, Town of Portville, Cattaraugus County, New York, United States","42.0386764","-78.3408496","6583934"
"Lexington va","Lexington, Virginia, United States","37.7840208","-79.4428157","3498109"
"Glen Burnie, MD","Glen Burnie, Anne Arundel County, Maryland, 21061, United States","39.1648","-76.6249437","377442808"
"Cuba, NY","Town of Cuba, Allegany County, New York, 14727, United States","42.2175668","-78.2752927","6569883"
"Annapolis MD","Annapolis, Anne Arundel County, Maryland, United States","38.9786401","-76.492786","3809116"
"Annapolis MD","Annapolis, Anne Arundel County, Maryland, United States","38.9786401","-76.492786","3809116"
"Gambrills maryland","Gambrills, Anne Arundel County, Maryland, United States","39.0963486","-76.65490970738688","5117113"
"West Clarksville Ny","West Clarksville, Town of Clarksville, Allegany County, New York, 14786, United States","42.1281221","-78.2430688","6612360"
"Dry ridge ky","Dry Ridge, Grant County, Kentucky, United States","38.6820123","-84.5899426","325013960"
"Euharlee, Ga","Euharlee, Bartow County, Georgia, United States","34.1448193","-84.9329986","327813559"
"Fort Scott, KS","Fort Scott, Bourbon County, Kansas, 66701, United States","37.8399791","-94.7082882","322190760"
"Fort Scott, KS","Fort Scott, Bourbon County, Kansas, 66701, United States","37.8399791","-94.7082882","322190760"
"Olean, NY","City of Olean, Cattaraugus County, New York, 14760, United States","42.0775022","-78.4298248","6572977"
"Fort Scott, KS","Fort Scott, Bourbon County, Kansas, 66701, United States","37.8399791","-94.7082882","322190760"
"Fort Scott, KS","Fort Scott, Bourbon County, Kansas, 66701, United States","37.8399791","-94.7082882","322190760"
"Fort Scott, KS","Fort Scott, Bourbon County, Kansas, 66701, United States","37.8399791","-94.7082882","322190760"
"Fort Scott, KS","Fort Scott, Bourbon County, Kansas, 66701, United States","37.8399791","-94.7082882","322190760"
"Hastings","Hastings, East Sussex, England, United Kingdom","50.8553888","0.5824703","116866723"
"Westminster, MD","Westminster, Carroll County, Maryland, United States","39.5751717","-76.9959168","5900690"
"Essex, Maryland","Essex, Baltimore County, Maryland, 21221, United States","39.3075071","-76.4790355","5190383"
"Millville  NJ","Millville, Cumberland County, New Jersey, United States","39.4020593","-75.0393368","1840846"
"Olean, NY","City of Olean, Cattaraugus County, New York, 14760, United States","42.0775022","-78.4298248","6572977"
"WACO","Waco, McLennan County, Texas, United States","31.5491899","-97.1474628","305234287"
"Hastings Nebraska","Hastings, Adams County, Nebraska, United States","40.5861322","-98.3898883","316387863"
"Hastings Nebraska","Hastings, Adams County, Nebraska, United States","40.5861322","-98.3898883","316387863"
"Hastings Nebraska","Hastings, Adams County, Nebraska, United States","40.5861322","-98.3898883","316387863"
"Crofton, MD","Crofton, Anne Arundel County, Maryland, 21114, United States","39.0017772","-76.6874671","5141978"
"Pasadena, MD","Pasadena, Anne Arundel County, Maryland, United States","39.155815950000004","-76.55288309143504","5140534"
"Baltimore,MD","Baltimore, Maryland, United States","39.2908816","-76.610759","5444564"
"Pasadena, MD","Pasadena, Anne Arundel County, Maryland, United States","39.155815950000004","-76.55288309143504","5140534"
"Pasadena, Maryland","Pasadena, Anne Arundel County, Maryland, United States","39.155815950000004","-76.55288309143504","5140534"
"Stevensville MD","Stevensville, Queen Anne's County, Maryland, United States","38.97776585","-76.31893928440874","3788009"
"Baltimore md","Baltimore, Maryland, United States","39.2908816","-76.610759","5444564"
"Nanticoke","Nanticoke, Luzerne County, Pennsylvania, 18634, United States","41.2052654","-76.0049353","13139664"
"annapolis, MD","Annapolis, Anne Arundel County, Maryland, United States","38.9786401","-76.492786","3809116"
"Colorado","Colorado, United States","38.7251776","-105.607716","317535881"
"Hastings ne","Hastings, Adams County, Nebraska, United States","40.5861322","-98.3898883","316387863"
"Gambrills, Md","Gambrills, Anne Arundel County, Maryland, United States","39.0963486","-76.65490970738688","5117113"
"Annapolis, Maryland","Annapolis, Anne Arundel County, Maryland, United States","38.9786401","-76.492786","3809116"
"test","test, Pardi (Gotmare), Katol, Nagpur, Maharashtra, 441302, India","21.2617425","78.6305539","244837677"
"Chester, Md","Chester, Queen Anne's County, Maryland, United States","38.9753903","-76.2893991","3789432"
"Forty fort, PA","Forty Fort, Luzerne County, Pennsylvania, United States","41.2789699","-75.8782519","13143887"
"Millersville MD,","Millersville, Anne Arundel County, Maryland, 21054, United States","39.0595542","-76.6480219","5133364"
"Schenectady","City of Schenectady, Schenectady County, New York, 12345, United States","42.8142432","-73.9395687","10458415"
"Mineral","Mineral County, Colorado, 81130, United States","37.6584133","-106.9311267","317877417"
"Council bluffs iowa","Council Bluffs, Pottawattamie County, Iowa, United States","41.258841","-95.8519484","28362273"
"Ceres, CA","Ceres, Stanislaus County, California, United States","37.5949316","-120.9577098","310602901"
"Port Orange, Florida","Port Orange, Volusia County, Florida, United States","29.1386874","-80.9968286","291876126"
"Deltaville, VA","Deltaville, Middlesex County, Virginia, 23043, United States","37.5548568","-76.3368883","383621063"
"Deltaville, VA","Deltaville, Middlesex County, Virginia, 23043, United States","37.5548568","-76.3368883","383621063"
"Severna Park, MD","Severna Park, Anne Arundel County, Maryland, 21146, United States","39.070388","-76.5452409","5151962"
"Cambridge Md","Cambridge, Dorchester County, Maryland, 21613, United States","38.5714624","-76.0763177","3759460"
"Fort Scott Kansas","Fort Scott, Bourbon County, Kansas, 66701, United States","37.8399791","-94.7082882","322190760"
"Hamilton, Ontario Canada 🇨🇦","Hamilton, Golden Horseshoe, Ontario, Canada","43.2560802","-79.8728583","7323166"
"Urbanna, VA","Urbanna, Middlesex County, Virginia, United States","37.636275","-76.5754321","2030192"
"Forty fort, PA","Forty Fort, Luzerne County, Pennsylvania, United States","41.2789699","-75.8782519","13143887"
"Arnold MD","Arnold, Anne Arundel County, Maryland, 21012, United States","39.0320784","-76.5025431","5198481"
"Forty fort, PA","Forty Fort, Luzerne County, Pennsylvania, United States","41.2789699","-75.8782519","13143887"
"Henderson, CO","Henderson, Adams County, Colorado, 80640, United States","39.9205405","-104.8658084","317140705"
"test","test, Pardi (Gotmare), Katol, Nagpur, Maharashtra, 441302, India","21.2617425","78.6305539","244837677"
"Locust hill","Locust Hill, Franklin County, Kentucky, United States","38.1719175","-84.8023513","374966541"
"Wilkes barre,Pa","Wilkes-Barre, Luzerne County, Pennsylvania, United States","41.2464824","-75.8817316","13104295"
"Union bridge, md","Union Bridge, Carroll County, Maryland, United States","39.5684767","-77.1814707","5931564"
"Pueblo West, Colorado","Pueblo West, Pueblo County, Colorado, 81007, United States","38.3558615","-104.7112109849374","317455681"
"CALOUNDRA QLD","Caloundra, Sunshine Coast Regional, Queensland, 4551, Australia","-26.7981633","153.1354434","54476569"
"Cambridge, Maryland","Cambridge, Dorchester County, Maryland, 21613, United States","38.5714624","-76.0763177","3759460"
"Australia","Australia","-24.7761086","134.755","60037305"
"New Zealand","New Zealand / Aotearoa","-41.5000831","172.8344077","60297825"
"Australia","Australia","-24.7761086","134.755","60037305"
"Homer New York","Town of Homer, Cortland County, New York, 13077, United States","42.6370141","-76.1788174","8993769"
"Odenton MD","Odenton, Anne Arundel County, Maryland, 21112, United States","39.0897199","-76.7073534","5137552"
"Pasadena,  Maryland","Pasadena, Anne Arundel County, Maryland, United States","39.155815950000004","-76.55288309143504","5140534"
"Glen Burnie, Maryland","Glen Burnie, Anne Arundel County, Maryland, 21061, United States","39.1648","-76.6249437","377442808"
"norman ok","Norman, Cleveland County, Oklahoma, United States","35.2225717","-97.4394816","319377055"
"Blende, CO","Blende, Pueblo County, Colorado, 81006, United States","38.2458362","-104.5685844","317485235"
"Annapolis","Annapolis, Anne Arundel County, Maryland, United States","38.9786401","-76.492786","3809116"
"Forty fort, PA","Forty Fort, Luzerne County, Pennsylvania, United States","41.2789699","-75.8782519","13143887"
"Forty fort, PA","Forty Fort, Luzerne County, Pennsylvania, United States","41.2789699","-75.8782519","13143887"
"Forty fort, PA","Forty Fort, Luzerne County, Pennsylvania, United States","41.2789699","-75.8782519","13143887"
"Annapolis MD","Annapolis, Anne Arundel County, Maryland, United States","38.9786401","-76.492786","3809116"
"Maryland","Maryland, United States","39.5162401","-76.9382069","4511521"
"Annapolis","Annapolis, Anne Arundel County, Maryland, United States","38.9786401","-76.492786","3809116"
"",,,,
"Md","Moldova","47.2879608","28.5670941","84853705"
"Annapolis","Annapolis, Anne Arundel County, Maryland, United States","38.9786401","-76.492786","3809116"
"Key West, FL","Key West, Monroe County, Florida, United States","24.5548262","-81.8020722","295805081"
"Edgewater, MD","Edgewater, Anne Arundel County, Maryland, United States","38.9358105","-76.55301414304145","3851707"
"Davidsonville, MD","Davidsonville, Anne Arundel County, Maryland, 21035, United States","38.9228697","-76.6277374","3864444"
"Laurel, MD","Laurel, Prince George's County, Maryland, 20707, United States","39.0984317","-76.8485094","5057256"
"Frederick MD","Frederick, Frederick County, Maryland, United States","39.415779","-77.4127562","4735960"
"California, MD","California, Lexington Park, Saint Mary's County, Maryland, 20619, United States","38.2976295","-76.5081118","379463667"
"Glen Burnie, MD","Glen Burnie, Anne Arundel County, Maryland, 21061, United States","39.1648","-76.6249437","377442808"
"Hiroshima","Hiroshima, Cercado, Cochabamba, Bolivia","-17.3515187","-66.1668133","36344091"
"Temple, Texas","Temple, Bell County, Texas, United States","31.108575000000002","-97.38621806681586","305203140"
"Orlando Florida","Orlando, Orange County, Florida, United States","28.5421109","-81.3790304","292037873"
"Orland Florida","Orland Drive, Temple Terrace, Hillsborough County, Florida, 33637, United States","28.034613","-82.375493","292643781"
"Orlando fl","Orlando, FL, John Young Parkway, Orlando, Orange County, Florida, 32805, United States","28.5479786","-81.41278418563017","292243531"
"Orlando Florida","Orlando, Orange County, Florida, United States","28.5421109","-81.3790304","292037873"
"Holly Springs","Holly Springs, Marshall County, Mississippi, United States","34.76801","-89.4478784","321293494"
"Orlando Florida","Orlando, Orange County, Florida, United States","28.5421109","-81.3790304","292037873"
"Dallas Texas","Dallas Texas, Rua Una, Jardim Nice, Parque João Ramalho, Capuava, Santo André, Região Imediata de São Paulo, Região Metropolitana de São Paulo, Região Geográfica Intermediária de São Paulo, São Paulo, Região Sudeste, 09291-090, Brasil","-23.6475414","-46.5101132","40522054"
